read_by,title
1,"The Catcher in the Rye, Twilight, The Giving Tree, Divergent, The Pillars of the Earth, A Tale of Two Cities, A Wrinkle in Time, Dracula, The Handmaid's Tale, Dune, Of Mice and Men, Crime and Punishment, A Thousand Splendid Suns, Harry Potter and the Order of the Phoenix, Memoirs of a Geisha, The Da Vinci Code, The Lovely Bones, A Game of Thrones, The Odyssey, Lolita, The Outsiders, Where the Wild Things Are, Wuthering Heights, The Alchemist, Gone with the Wind, Green Eggs and Ham, To Kill a Mockingbird, The Kite Runner, Charlotte's Web, The Chronicles of Narnia, Harry Potter and the Sorcerer's Stone, The Picture of Dorian Gray, The Perks of Being a Wallflower, The Fault in Our Stars, The Great Gatsby, The Book Thief, Lord of the Flies, The Hunger Games, The Hitchhiker's Guide to the Galaxy, Ender's Game"
2,"Water for Elephants, The Book Thief, Gone with the Wind, Ender's Game, The Adventures of Huckleberry Finn, Animal Farm, Les Misérables, Twilight, Frankenstein: The 1818 Text, A Thousand Splendid Suns, Harry Potter and the Order of the Phoenix, The Secret Garden, The Perks of Being a Wallflower, Fahrenheit 451, The Help, The Kite Runner, City of Bones, Harry Potter and the Sorcerer's Stone, The Giving Tree, Divergent, The Alchemist, Brave New World, Wuthering Heights, The Lightning Thief, Dracula, Lolita, The Princess Bride, The Fault in Our Stars, Where the Wild Things Are, Charlotte's Web, The Chronicles of Narnia, Slaughterhouse-Five, Jane Eyre, The Picture of Dorian Gray, A Wrinkle in Time, The Lovely Bones, The Odyssey, The Hunger Games, Crime and Punishment, The Little Prince"
3,"City of Bones, Twilight, Lord of the Flies, Romeo and Juliet, The Secret Garden, Alice's Adventures in Wonderland & Through the Looking-Glass, The Lovely Bones, Crime and Punishment, The Pillars of the Earth, The Princess Bride, The Hunger Games, Ender's Game, Gone with the Wind, The Picture of Dorian Gray, Slaughterhouse-Five, The Catcher in the Rye, The Perks of Being a Wallflower, Charlotte's Web, The Odyssey, The Chronicles of Narnia, The Giving Tree, Fahrenheit 451, A Thousand Splendid Suns, A Game of Thrones, The Little Prince, Dracula, Divergent, The Help, Anne of Green Gables, One Hundred Years of Solitude, Brave New World, Jane Eyre, Of Mice and Men, The Hitchhiker's Guide to the Galaxy, The Lightning Thief, To Kill a Mockingbird, Water for Elephants, Lolita, The Fault in Our Stars, The Outsiders"
4,"Pride and Prejudice, Animal Farm, The Catcher in the Rye, The Giver, Dune, Ender's Game, The Odyssey, Life of Pi, Brave New World, Crime and Punishment, The Handmaid's Tale, The Fault in Our Stars, Of Mice and Men, The Secret Garden, The Princess Bride, The Outsiders, Alice's Adventures in Wonderland & Through the Looking-Glass, The Time Traveler's Wife, Memoirs of a Geisha, Dracula, The Giving Tree, The Little Prince, A Game of Thrones, The Help, The Lovely Bones, Romeo and Juliet, Les Misérables, A Thousand Splendid Suns, Anne of Green Gables, The Da Vinci Code, One Hundred Years of Solitude, Twilight, The Book Thief, Fahrenheit 451, Jane Eyre, The Pillars of the Earth, Gone with the Wind, The Kite Runner, The Great Gatsby, A Wrinkle in Time"
5,"Harry Potter and the Order of the Phoenix, Charlotte's Web, Water for Elephants, Harry Potter and the Sorcerer's Stone, Frankenstein: The 1818 Text, Anne of Green Gables, The Hitchhiker's Guide to the Galaxy, A Game of Thrones, Twilight, A Thousand Splendid Suns, Animal Farm, The Handmaid's Tale, Green Eggs and Ham, The Odyssey, The Pillars of the Earth, A Wrinkle in Time, Romeo and Juliet, The Lovely Bones, Divergent, Alice's Adventures in Wonderland & Through the Looking-Glass, Lolita, The Fault in Our Stars, Lord of the Flies, The Picture of Dorian Gray, The Giving Tree, The Hunger Games, Brave New World, Crime and Punishment, Memoirs of a Geisha, The Outsiders, The Catcher in the Rye, Catch-22, The Help, Life of Pi, The Alchemist, Wuthering Heights, The Kite Runner, The Lightning Thief, Jane Eyre, J.R.R. Tolkien 4-Book Boxed Set: The Hobbit and The Lord of the Rings"
6,"A Thousand Splendid Suns, Dracula, Anne of Green Gables, Animal Farm, Charlotte's Web, Twilight, Frankenstein: The 1818 Text, Wuthering Heights, The Book Thief, Brave New World, The Hitchhiker's Guide to the Galaxy, Harry Potter and the Order of the Phoenix, Divergent, To Kill a Mockingbird, Water for Elephants, The Outsiders, Where the Wild Things Are, The Catcher in the Rye, The Handmaid's Tale, Les Misérables, The Kite Runner, Slaughterhouse-Five, A Game of Thrones, Of Mice and Men, The Da Vinci Code, The Great Gatsby, Gone with the Wind, Crime and Punishment, Lord of the Flies, Fahrenheit 451, The Lightning Thief, Catch-22, A Tale of Two Cities, The Fault in Our Stars, Green Eggs and Ham, The Pillars of the Earth, Ender's Game, The Lovely Bones, The Hunger Games, Dune"
7,"Dune, Twilight, Where the Wild Things Are, The Odyssey, The Pillars of the Earth, A Tale of Two Cities, The Hunger Games, The Giving Tree, The Outsiders, Frankenstein: The 1818 Text, A Wrinkle in Time, A Game of Thrones, The Catcher in the Rye, Jane Eyre, The Adventures of Huckleberry Finn, The Perks of Being a Wallflower, A Thousand Splendid Suns, Gone with the Wind, City of Bones, Divergent, The Great Gatsby, The Princess Bride, Life of Pi, The Fault in Our Stars, Wuthering Heights, Dracula, The Lovely Bones, The Lightning Thief, The Picture of Dorian Gray, The Time Traveler's Wife, Harry Potter and the Sorcerer's Stone, One Hundred Years of Solitude, Romeo and Juliet, The Little Prince, Lord of the Flies, J.R.R. Tolkien 4-Book Boxed Set: The Hobbit and The Lord of the Rings, The Chronicles of Narnia, The Help, Harry Potter and the Order of the Phoenix, Green Eggs and Ham"
8,"Wuthering Heights, The Fault in Our Stars, The Da Vinci Code, The Kite Runner, Slaughterhouse-Five, The Lightning Thief, Memoirs of a Geisha, The Little Prince, Ender's Game, The Lovely Bones, Frankenstein: The 1818 Text, Crime and Punishment, The Help, The Princess Bride, Alice's Adventures in Wonderland & Through the Looking-Glass, Harry Potter and the Order of the Phoenix, The Giver, Dracula, Pride and Prejudice, Romeo and Juliet, A Thousand Splendid Suns, The Great Gatsby, Lolita, Dune, The Hunger Games, The Handmaid's Tale, The Alchemist, The Chronicles of Narnia, A Tale of Two Cities, The Time Traveler's Wife, Brave New World, Charlotte's Web, Life of Pi, Catch-22, Les Misérables, Green Eggs and Ham, The Giving Tree, Jane Eyre, A Game of Thrones, Anne of Green Gables"
9,"Brave New World, The Perks of Being a Wallflower, City of Bones, Animal Farm, Wuthering Heights, Ender's Game, The Book Thief, Catch-22, A Tale of Two Cities, The Help, Frankenstein: The 1818 Text, Of Mice and Men, The Pillars of the Earth, A Game of Thrones, J.R.R. Tolkien 4-Book Boxed Set: The Hobbit and The Lord of the Rings, The Outsiders, The Kite Runner, Pride and Prejudice, Harry Potter and the Sorcerer's Stone, The Great Gatsby, To Kill a Mockingbird, Dracula, Divergent, Les Misérables, Jane Eyre, The Odyssey, One Hundred Years of Solitude, The Lovely Bones, The Alchemist, The Little Prince, Life of Pi, The Catcher in the Rye, The Chronicles of Narnia, The Picture of Dorian Gray, Romeo and Juliet, The Adventures of Huckleberry Finn, The Hunger Games, The Giving Tree, Anne of Green Gables, Lord of the Flies"
10,"The Handmaid's Tale, Charlotte's Web, The Picture of Dorian Gray, The Adventures of Huckleberry Finn, One Hundred Years of Solitude, The Chronicles of Narnia, A Wrinkle in Time, The Da Vinci Code, The Giving Tree, The Kite Runner, City of Bones, A Tale of Two Cities, J.R.R. Tolkien 4-Book Boxed Set: The Hobbit and The Lord of the Rings, Pride and Prejudice, A Thousand Splendid Suns, A Game of Thrones, The Secret Garden, The Time Traveler's Wife, Wuthering Heights, Les Misérables, Green Eggs and Ham, Twilight, Harry Potter and the Order of the Phoenix, Ender's Game, The Giver, The Princess Bride, The Lovely Bones, The Fault in Our Stars, Romeo and Juliet, Catch-22, Water for Elephants, The Alchemist, Crime and Punishment, Where the Wild Things Are, The Book Thief, Lolita, The Pillars of the Earth, The Hunger Games, Of Mice and Men, Frankenstein: The 1818 Text"
11,"Pride and Prejudice, The Secret Garden, The Fault in Our Stars, Brave New World, The Princess Bride, One Hundred Years of Solitude, Slaughterhouse-Five, The Time Traveler's Wife, Of Mice and Men, Fahrenheit 451, The Help, Gone with the Wind, City of Bones, The Picture of Dorian Gray, The Outsiders, The Perks of Being a Wallflower, Divergent, Charlotte's Web, A Tale of Two Cities, The Lovely Bones, Harry Potter and the Sorcerer's Stone, Ender's Game, Crime and Punishment, The Odyssey, Twilight, The Alchemist, Memoirs of a Geisha, Frankenstein: The 1818 Text, Romeo and Juliet, Harry Potter and the Order of the Phoenix, Green Eggs and Ham, J.R.R. Tolkien 4-Book Boxed Set: The Hobbit and The Lord of the Rings, Catch-22, Lord of the Flies, The Da Vinci Code, A Game of Thrones, Alice's Adventures in Wonderland & Through the Looking-Glass, The Hunger Games, A Thousand Splendid Suns, The Chronicles of Narnia"
12,"Animal Farm, Lolita, Memoirs of a Geisha, The Kite Runner, The Lovely Bones, The Princess Bride, Harry Potter and the Sorcerer's Stone, The Catcher in the Rye, To Kill a Mockingbird, The Book Thief, The Giver, Anne of Green Gables, Divergent, The Outsiders, A Thousand Splendid Suns, Twilight, The Time Traveler's Wife, Harry Potter and the Order of the Phoenix, Green Eggs and Ham, Of Mice and Men, The Picture of Dorian Gray, The Da Vinci Code, Dune, The Odyssey, City of Bones, The Chronicles of Narnia, A Tale of Two Cities, The Giving Tree, Gone with the Wind, The Little Prince, A Game of Thrones, The Lightning Thief, Wuthering Heights, Pride and Prejudice, Lord of the Flies, Brave New World, A Wrinkle in Time, The Pillars of the Earth, The Alchemist, Slaughterhouse-Five"
13,"The Adventures of Huckleberry Finn, A Thousand Splendid Suns, The Pillars of the Earth, One Hundred Years of Solitude, The Lovely Bones, Green Eggs and Ham, Dune, Memoirs of a Geisha, Harry Potter and the Sorcerer's Stone, The Picture of Dorian Gray, Charlotte's Web, The Great Gatsby, Twilight, The Hitchhiker's Guide to the Galaxy, The Perks of Being a Wallflower, To Kill a Mockingbird, Lord of the Flies, The Handmaid's Tale, The Da Vinci Code, Water for Elephants, Divergent, Ender's Game, The Odyssey, The Fault in Our Stars, The Catcher in the Rye, Harry Potter and the Order of the Phoenix, Anne of Green Gables, The Giver, The Help, Pride and Prejudice, City of Bones, Where the Wild Things Are, Romeo and Juliet, Wuthering Heights, A Game of Thrones, Crime and Punishment, The Lightning Thief, The Kite Runner, The Hunger Games, The Time Traveler's Wife"
14,"Alice's Adventures in Wonderland & Through the Looking-Glass, The Lovely Bones, City of Bones, The Outsiders, Anne of Green Gables, Harry Potter and the Sorcerer's Stone, The Da Vinci Code, Frankenstein: The 1818 Text, The Alchemist, Life of Pi, Romeo and Juliet, Memoirs of a Geisha, Animal Farm, A Tale of Two Cities, Ender's Game, A Thousand Splendid Suns, Of Mice and Men, Crime and Punishment, The Picture of Dorian Gray, Where the Wild Things Are, The Help, Harry Potter and the Order of the Phoenix, The Lightning Thief, A Game of Thrones, The Princess Bride, A Wrinkle in Time, The Handmaid's Tale, To Kill a Mockingbird, The Chronicles of Narnia, The Kite Runner, The Giving Tree, Catch-22, The Secret Garden, Lord of the Flies, Gone with the Wind, Dune, Lolita, Fahrenheit 451, Water for Elephants, Les Misérables"
15,"Twilight, Animal Farm, Charlotte's Web, The Hunger Games, Pride and Prejudice, The Help, The Hitchhiker's Guide to the Galaxy, Harry Potter and the Sorcerer's Stone, The Pillars of the Earth, Catch-22, Wuthering Heights, Anne of Green Gables, A Thousand Splendid Suns, Of Mice and Men, Les Misérables, Jane Eyre, The Adventures of Huckleberry Finn, The Da Vinci Code, Life of Pi, The Kite Runner, The Fault in Our Stars, Where the Wild Things Are, J.R.R. Tolkien 4-Book Boxed Set: The Hobbit and The Lord of the Rings, Dune, Fahrenheit 451, The Lovely Bones, The Little Prince, The Catcher in the Rye, The Lightning Thief, The Picture of Dorian Gray, The Alchemist, Brave New World, The Outsiders, The Secret Garden, City of Bones, Slaughterhouse-Five, The Handmaid's Tale, The Book Thief, Memoirs of a Geisha, The Odyssey"
16,"The Perks of Being a Wallflower, City of Bones, The Lovely Bones, Lord of the Flies, Harry Potter and the Order of the Phoenix, Green Eggs and Ham, The Handmaid's Tale, The Giver, Where the Wild Things Are, Fahrenheit 451, The Picture of Dorian Gray, Romeo and Juliet, J.R.R. Tolkien 4-Book Boxed Set: The Hobbit and The Lord of the Rings, Anne of Green Gables, Catch-22, The Da Vinci Code, Harry Potter and the Sorcerer's Stone, The Catcher in the Rye, Lolita, Water for Elephants, The Pillars of the Earth, One Hundred Years of Solitude, Wuthering Heights, The Hitchhiker's Guide to the Galaxy, The Hunger Games, Les Misérables, The Giving Tree, Dune, The Book Thief, A Thousand Splendid Suns, Crime and Punishment, The Secret Garden, A Game of Thrones, Ender's Game, Jane Eyre, Divergent, Brave New World, Pride and Prejudice, The Princess Bride, A Tale of Two Cities"
17,"Crime and Punishment, Lord of the Flies, Les Misérables, Pride and Prejudice, Of Mice and Men, The Book Thief, The Lightning Thief, Anne of Green Gables, The Kite Runner, The Picture of Dorian Gray, Memoirs of a Geisha, Twilight, The Secret Garden, The Odyssey, A Thousand Splendid Suns, The Adventures of Huckleberry Finn, Frankenstein: The 1818 Text, One Hundred Years of Solitude, Dracula, The Princess Bride, Romeo and Juliet, J.R.R. Tolkien 4-Book Boxed Set: The Hobbit and The Lord of the Rings, Life of Pi, Alice's Adventures in Wonderland & Through the Looking-Glass, City of Bones, The Hunger Games, The Help, Harry Potter and the Order of the Phoenix, The Lovely Bones, Ender's Game, Jane Eyre, The Catcher in the Rye, The Fault in Our Stars, Divergent, The Chronicles of Narnia, A Game of Thrones, Water for Elephants, The Alchemist, The Great Gatsby, The Time Traveler's Wife"
18,"Lord of the Flies, The Adventures of Huckleberry Finn, The Hitchhiker's Guide to the Galaxy, The Chronicles of Narnia, The Book Thief, The Lightning Thief, Charlotte's Web, Les Misérables, The Da Vinci Code, The Catcher in the Rye, The Princess Bride, Wuthering Heights, The Secret Garden, City of Bones, Dune, Water for Elephants, The Help, Jane Eyre, Crime and Punishment, Brave New World, The Picture of Dorian Gray, A Thousand Splendid Suns, The Time Traveler's Wife, The Little Prince, The Hunger Games, The Odyssey, Green Eggs and Ham, Of Mice and Men, Divergent, The Great Gatsby, Memoirs of a Geisha, Slaughterhouse-Five, A Game of Thrones, Romeo and Juliet, The Outsiders, A Tale of Two Cities, Fahrenheit 451, Life of Pi, Dracula, To Kill a Mockingbird"
19,"Pride and Prejudice, Twilight, Harry Potter and the Sorcerer's Stone, One Hundred Years of Solitude, Dune, The Perks of Being a Wallflower, The Little Prince, The Adventures of Huckleberry Finn, The Giving Tree, Lord of the Flies, Catch-22, The Great Gatsby, The Pillars of the Earth, The Alchemist, To Kill a Mockingbird, The Kite Runner, The Fault in Our Stars, Harry Potter and the Order of the Phoenix, Ender's Game, Fahrenheit 451, Slaughterhouse-Five, Alice's Adventures in Wonderland & Through the Looking-Glass, Crime and Punishment, Lolita, Of Mice and Men, The Da Vinci Code, Brave New World, The Secret Garden, The Book Thief, The Picture of Dorian Gray, The Catcher in the Rye, The Help, The Hunger Games, Charlotte's Web, A Tale of Two Cities, Romeo and Juliet, The Giver, A Thousand Splendid Suns, Les Misérables, A Game of Thrones"
20,"The Giver, The Picture of Dorian Gray, The Da Vinci Code, Anne of Green Gables, The Little Prince, City of Bones, A Tale of Two Cities, Animal Farm, Les Misérables, J.R.R. Tolkien 4-Book Boxed Set: The Hobbit and The Lord of the Rings, Where the Wild Things Are, To Kill a Mockingbird, Dune, Divergent, The Alchemist, The Book Thief, Gone with the Wind, The Adventures of Huckleberry Finn, The Catcher in the Rye, Jane Eyre, The Pillars of the Earth, The Giving Tree, The Lightning Thief, Fahrenheit 451, The Hunger Games, The Perks of Being a Wallflower, Memoirs of a Geisha, Charlotte's Web, A Thousand Splendid Suns, Dracula, Life of Pi, Slaughterhouse-Five, The Fault in Our Stars, Alice's Adventures in Wonderland & Through the Looking-Glass, Harry Potter and the Sorcerer's Stone, One Hundred Years of Solitude, Lord of the Flies, Wuthering Heights, Catch-22, Of Mice and Men"
21,"Dune, A Wrinkle in Time, Harry Potter and the Order of the Phoenix, Jane Eyre, Crime and Punishment, Water for Elephants, Fahrenheit 451, Pride and Prejudice, The Secret Garden, The Giver, Catch-22, The Outsiders, The Book Thief, The Perks of Being a Wallflower, The Hunger Games, The Chronicles of Narnia, Lolita, The Handmaid's Tale, Lord of the Flies, Dracula, A Game of Thrones, The Catcher in the Rye, The Hitchhiker's Guide to the Galaxy, Slaughterhouse-Five, To Kill a Mockingbird, The Odyssey, A Thousand Splendid Suns, J.R.R. Tolkien 4-Book Boxed Set: The Hobbit and The Lord of the Rings, Brave New World, Where the Wild Things Are, Romeo and Juliet, City of Bones, The Da Vinci Code, Frankenstein: The 1818 Text, Anne of Green Gables, Animal Farm, The Alchemist, Alice's Adventures in Wonderland & Through the Looking-Glass, Life of Pi, The Princess Bride"
22,"J.R.R. Tolkien 4-Book Boxed Set: The Hobbit and The Lord of the Rings, Gone with the Wind, The Da Vinci Code, Les Misérables, Charlotte's Web, Alice's Adventures in Wonderland & Through the Looking-Glass, Wuthering Heights, The Catcher in the Rye, The Secret Garden, The Handmaid's Tale, Twilight, Jane Eyre, Divergent, The Book Thief, The Chronicles of Narnia, Catch-22, The Fault in Our Stars, City of Bones, The Pillars of the Earth, Harry Potter and the Order of the Phoenix, The Time Traveler's Wife, The Outsiders, The Hunger Games, Slaughterhouse-Five, Harry Potter and the Sorcerer's Stone, Brave New World, The Alchemist, Green Eggs and Ham, Lolita, The Picture of Dorian Gray, Dune, One Hundred Years of Solitude, The Help, Animal Farm, Memoirs of a Geisha, Where the Wild Things Are, Water for Elephants, The Lovely Bones, Dracula, A Thousand Splendid Suns"
23,"Lolita, The Picture of Dorian Gray, To Kill a Mockingbird, Harry Potter and the Order of the Phoenix, The Outsiders, Green Eggs and Ham, The Little Prince, Brave New World, Wuthering Heights, Anne of Green Gables, Alice's Adventures in Wonderland & Through the Looking-Glass, Catch-22, Harry Potter and the Sorcerer's Stone, Dracula, The Secret Garden, The Giver, One Hundred Years of Solitude, The Perks of Being a Wallflower, The Kite Runner, The Fault in Our Stars, The Princess Bride, Of Mice and Men, Charlotte's Web, The Alchemist, J.R.R. Tolkien 4-Book Boxed Set: The Hobbit and The Lord of the Rings, Slaughterhouse-Five, The Da Vinci Code, The Odyssey, Jane Eyre, Lord of the Flies, The Hitchhiker's Guide to the Galaxy, Les Misérables, A Wrinkle in Time, The Lightning Thief, The Book Thief, A Game of Thrones, The Chronicles of Narnia, The Pillars of the Earth, Where the Wild Things Are, Pride and Prejudice"
24,"The Da Vinci Code, The Handmaid's Tale, Where the Wild Things Are, The Little Prince, A Wrinkle in Time, Brave New World, Fahrenheit 451, Green Eggs and Ham, The Princess Bride, Romeo and Juliet, The Lovely Bones, Dune, A Game of Thrones, The Alchemist, Crime and Punishment, The Chronicles of Narnia, The Hitchhiker's Guide to the Galaxy, The Catcher in the Rye, The Hunger Games, Les Misérables, Harry Potter and the Sorcerer's Stone, Jane Eyre, The Help, The Perks of Being a Wallflower, Pride and Prejudice, Ender's Game, City of Bones, The Giving Tree, The Adventures of Huckleberry Finn, Lolita, Anne of Green Gables, The Book Thief, Wuthering Heights, Dracula, Life of Pi, Lord of the Flies, The Picture of Dorian Gray, Gone with the Wind, The Great Gatsby, A Thousand Splendid Suns"
25,"Animal Farm, The Hunger Games, The Princess Bride, Lolita, One Hundred Years of Solitude, Harry Potter and the Sorcerer's Stone, Dracula, Brave New World, Frankenstein: The 1818 Text, The Da Vinci Code, The Alchemist, The Pillars of the Earth, The Giving Tree, City of Bones, Life of Pi, The Book Thief, Of Mice and Men, The Kite Runner, The Chronicles of Narnia, Catch-22, The Odyssey, Dune, Gone with the Wind, Divergent, Twilight, Les Misérables, Lord of the Flies, Water for Elephants, The Giver, Memoirs of a Geisha, The Secret Garden, Ender's Game, Pride and Prejudice, Charlotte's Web, J.R.R. Tolkien 4-Book Boxed Set: The Hobbit and The Lord of the Rings, Fahrenheit 451, Romeo and Juliet, The Lovely Bones, Wuthering Heights, Where the Wild Things Are"
26,"Divergent, Life of Pi, Alice's Adventures in Wonderland & Through the Looking-Glass, Jane Eyre, The Help, Anne of Green Gables, The Giver, The Hunger Games, The Princess Bride, Dracula, Slaughterhouse-Five, The Secret Garden, Lord of the Flies, The Little Prince, The Alchemist, Les Misérables, The Time Traveler's Wife, The Hitchhiker's Guide to the Galaxy, The Fault in Our Stars, J.R.R. Tolkien 4-Book Boxed Set: The Hobbit and The Lord of the Rings, Romeo and Juliet, The Picture of Dorian Gray, One Hundred Years of Solitude, A Tale of Two Cities, The Perks of Being a Wallflower, The Da Vinci Code, The Lightning Thief, Twilight, Ender's Game, The Giving Tree, Dune, Memoirs of a Geisha, The Chronicles of Narnia, Water for Elephants, Catch-22, The Outsiders, A Thousand Splendid Suns, The Book Thief, Wuthering Heights, Pride and Prejudice"
27,"Lord of the Flies, Ender's Game, The Little Prince, One Hundred Years of Solitude, A Wrinkle in Time, Lolita, The Lovely Bones, The Great Gatsby, The Chronicles of Narnia, Slaughterhouse-Five, Divergent, The Perks of Being a Wallflower, A Game of Thrones, Alice's Adventures in Wonderland & Through the Looking-Glass, J.R.R. Tolkien 4-Book Boxed Set: The Hobbit and The Lord of the Rings, The Picture of Dorian Gray, Fahrenheit 451, The Catcher in the Rye, The Adventures of Huckleberry Finn, To Kill a Mockingbird, The Da Vinci Code, The Lightning Thief, The Princess Bride, Of Mice and Men, Jane Eyre, City of Bones, Where the Wild Things Are, Life of Pi, The Giver, Frankenstein: The 1818 Text, Wuthering Heights, The Hitchhiker's Guide to the Galaxy, Animal Farm, Anne of Green Gables, Les Misérables, Green Eggs and Ham, The Outsiders, The Hunger Games, The Giving Tree, Harry Potter and the Sorcerer's Stone"
28,"One Hundred Years of Solitude, Charlotte's Web, The Da Vinci Code, Harry Potter and the Order of the Phoenix, The Giving Tree, The Chronicles of Narnia, The Pillars of the Earth, Lord of the Flies, The Outsiders, Brave New World, Divergent, A Tale of Two Cities, The Catcher in the Rye, Pride and Prejudice, The Picture of Dorian Gray, Wuthering Heights, Crime and Punishment, The Lovely Bones, Anne of Green Gables, Alice's Adventures in Wonderland & Through the Looking-Glass, Of Mice and Men, The Princess Bride, Slaughterhouse-Five, The Adventures of Huckleberry Finn, Frankenstein: The 1818 Text, Where the Wild Things Are, Jane Eyre, The Help, Memoirs of a Geisha, Twilight, Catch-22, The Perks of Being a Wallflower, The Book Thief, To Kill a Mockingbird, Life of Pi, Animal Farm, A Thousand Splendid Suns, Green Eggs and Ham, The Time Traveler's Wife, The Lightning Thief"
29,"The Picture of Dorian Gray, Gone with the Wind, The Giving Tree, Harry Potter and the Order of the Phoenix, Alice's Adventures in Wonderland & Through the Looking-Glass, Green Eggs and Ham, The Hunger Games, Animal Farm, Water for Elephants, Lolita, Lord of the Flies, Dune, A Game of Thrones, A Wrinkle in Time, Brave New World, A Tale of Two Cities, The Da Vinci Code, Les Misérables, The Alchemist, The Little Prince, Divergent, Crime and Punishment, Frankenstein: The 1818 Text, Life of Pi, Jane Eyre, The Giver, Romeo and Juliet, The Chronicles of Narnia, The Outsiders, A Thousand Splendid Suns, The Lovely Bones, Dracula, J.R.R. Tolkien 4-Book Boxed Set: The Hobbit and The Lord of the Rings, Fahrenheit 451, One Hundred Years of Solitude, The Fault in Our Stars, The Adventures of Huckleberry Finn, The Lightning Thief, The Handmaid's Tale, The Time Traveler's Wife"
30,"The Great Gatsby, Life of Pi, The Chronicles of Narnia, Lord of the Flies, The Handmaid's Tale, The Secret Garden, The Hitchhiker's Guide to the Galaxy, Lolita, Frankenstein: The 1818 Text, The Lovely Bones, Water for Elephants, The Lightning Thief, The Hunger Games, Green Eggs and Ham, Twilight, To Kill a Mockingbird, The Giving Tree, The Adventures of Huckleberry Finn, The Time Traveler's Wife, A Game of Thrones, The Pillars of the Earth, Gone with the Wind, The Perks of Being a Wallflower, Crime and Punishment, Divergent, The Picture of Dorian Gray, A Thousand Splendid Suns, The Da Vinci Code, Brave New World, Dune, Les Misérables, Slaughterhouse-Five, The Giver, The Outsiders, Alice's Adventures in Wonderland & Through the Looking-Glass, Ender's Game, The Catcher in the Rye, Romeo and Juliet, Jane Eyre, The Odyssey"
31,"Lord of the Flies, The Catcher in the Rye, Pride and Prejudice, Frankenstein: The 1818 Text, Lolita, The Picture of Dorian Gray, City of Bones, Green Eggs and Ham, Crime and Punishment, The Little Prince, The Handmaid's Tale, Dune, A Game of Thrones, Memoirs of a Geisha, The Hunger Games, Harry Potter and the Order of the Phoenix, Ender's Game, The Giving Tree, Harry Potter and the Sorcerer's Stone, Animal Farm, The Odyssey, The Chronicles of Narnia, The Time Traveler's Wife, Catch-22, The Kite Runner, Fahrenheit 451, Brave New World, The Fault in Our Stars, The Secret Garden, The Adventures of Huckleberry Finn, The Great Gatsby, The Da Vinci Code, The Lovely Bones, One Hundred Years of Solitude, Anne of Green Gables, Twilight, Of Mice and Men, Charlotte's Web, The Outsiders, Where the Wild Things Are"
32,"The Adventures of Huckleberry Finn, Romeo and Juliet, The Chronicles of Narnia, Alice's Adventures in Wonderland & Through the Looking-Glass, J.R.R. Tolkien 4-Book Boxed Set: The Hobbit and The Lord of the Rings, The Da Vinci Code, The Odyssey, Ender's Game, The Lovely Bones, The Handmaid's Tale, A Thousand Splendid Suns, The Giver, Dune, Where the Wild Things Are, A Game of Thrones, The Pillars of the Earth, A Tale of Two Cities, Dracula, The Kite Runner, The Princess Bride, One Hundred Years of Solitude, Catch-22, To Kill a Mockingbird, Lolita, Twilight, Green Eggs and Ham, Gone with the Wind, Harry Potter and the Sorcerer's Stone, Harry Potter and the Order of the Phoenix, The Perks of Being a Wallflower, The Fault in Our Stars, The Lightning Thief, Frankenstein: The 1818 Text, Memoirs of a Geisha, The Little Prince, Divergent, Of Mice and Men, Animal Farm, The Outsiders, Life of Pi"
33,"Les Misérables, Twilight, Catch-22, One Hundred Years of Solitude, A Tale of Two Cities, Water for Elephants, The Adventures of Huckleberry Finn, Dracula, The Princess Bride, City of Bones, The Outsiders, The Help, A Game of Thrones, The Secret Garden, Harry Potter and the Sorcerer's Stone, Gone with the Wind, The Da Vinci Code, To Kill a Mockingbird, The Kite Runner, Alice's Adventures in Wonderland & Through the Looking-Glass, Jane Eyre, Slaughterhouse-Five, Wuthering Heights, Lolita, The Pillars of the Earth, Crime and Punishment, Animal Farm, The Fault in Our Stars, The Chronicles of Narnia, Anne of Green Gables, The Picture of Dorian Gray, Romeo and Juliet, Green Eggs and Ham, Divergent, The Handmaid's Tale, Frankenstein: The 1818 Text, The Giving Tree, The Lightning Thief, The Odyssey, Dune"
34,"The Alchemist, A Wrinkle in Time, Pride and Prejudice, The Help, Memoirs of a Geisha, The Hunger Games, The Hitchhiker's Guide to the Galaxy, The Giver, Green Eggs and Ham, Ender's Game, Dune, A Game of Thrones, Lord of the Flies, City of Bones, The Giving Tree, The Time Traveler's Wife, The Secret Garden, The Princess Bride, The Odyssey, To Kill a Mockingbird, A Thousand Splendid Suns, Alice's Adventures in Wonderland & Through the Looking-Glass, Crime and Punishment, Of Mice and Men, The Kite Runner, Animal Farm, The Little Prince, Divergent, Gone with the Wind, Fahrenheit 451, The Pillars of the Earth, Les Misérables, The Da Vinci Code, Frankenstein: The 1818 Text, Lolita, Catch-22, Wuthering Heights, Dracula, Anne of Green Gables, The Lightning Thief"
35,"Alice's Adventures in Wonderland & Through the Looking-Glass, Green Eggs and Ham, The Hunger Games, Harry Potter and the Sorcerer's Stone, The Help, Of Mice and Men, The Lightning Thief, The Chronicles of Narnia, A Thousand Splendid Suns, Les Misérables, Pride and Prejudice, Harry Potter and the Order of the Phoenix, Life of Pi, The Hitchhiker's Guide to the Galaxy, The Little Prince, Water for Elephants, A Wrinkle in Time, The Secret Garden, The Giving Tree, Where the Wild Things Are, The Kite Runner, The Fault in Our Stars, The Odyssey, A Tale of Two Cities, The Giver, Crime and Punishment, The Handmaid's Tale, The Lovely Bones, The Adventures of Huckleberry Finn, The Picture of Dorian Gray, Memoirs of a Geisha, Charlotte's Web, Anne of Green Gables, Fahrenheit 451, Twilight, The Catcher in the Rye, Jane Eyre, City of Bones, Frankenstein: The 1818 Text, The Pillars of the Earth"
36,"One Hundred Years of Solitude, Of Mice and Men, Wuthering Heights, Frankenstein: The 1818 Text, Les Misérables, Gone with the Wind, The Odyssey, The Adventures of Huckleberry Finn, The Secret Garden, A Tale of Two Cities, The Perks of Being a Wallflower, The Princess Bride, Water for Elephants, The Da Vinci Code, The Help, Alice's Adventures in Wonderland & Through the Looking-Glass, Green Eggs and Ham, The Chronicles of Narnia, The Fault in Our Stars, Twilight, City of Bones, Harry Potter and the Order of the Phoenix, The Pillars of the Earth, The Alchemist, The Hitchhiker's Guide to the Galaxy, The Great Gatsby, The Outsiders, A Game of Thrones, Divergent, The Giver, Lolita, The Giving Tree, The Lovely Bones, J.R.R. Tolkien 4-Book Boxed Set: The Hobbit and The Lord of the Rings, Romeo and Juliet, Slaughterhouse-Five, Brave New World, Dune, Charlotte's Web, The Handmaid's Tale"
37,"Lord of the Flies, The Adventures of Huckleberry Finn, Charlotte's Web, Pride and Prejudice, The Fault in Our Stars, Alice's Adventures in Wonderland & Through the Looking-Glass, The Princess Bride, Divergent, The Time Traveler's Wife, The Odyssey, A Game of Thrones, The Picture of Dorian Gray, A Thousand Splendid Suns, Green Eggs and Ham, Fahrenheit 451, The Perks of Being a Wallflower, Slaughterhouse-Five, Life of Pi, Les Misérables, The Alchemist, Dune, Dracula, The Da Vinci Code, The Giver, Memoirs of a Geisha, The Kite Runner, Crime and Punishment, Catch-22, Brave New World, Anne of Green Gables, The Hitchhiker's Guide to the Galaxy, The Secret Garden, The Giving Tree, The Hunger Games, Harry Potter and the Order of the Phoenix, The Help, The Catcher in the Rye, The Lightning Thief, A Wrinkle in Time, City of Bones"
38,"Dracula, The Little Prince, The Kite Runner, The Picture of Dorian Gray, The Adventures of Huckleberry Finn, One Hundred Years of Solitude, The Fault in Our Stars, Crime and Punishment, Frankenstein: The 1818 Text, Green Eggs and Ham, Animal Farm, The Odyssey, The Outsiders, Slaughterhouse-Five, Ender's Game, Life of Pi, Memoirs of a Geisha, The Da Vinci Code, The Lightning Thief, The Secret Garden, The Book Thief, Harry Potter and the Sorcerer's Stone, A Wrinkle in Time, A Thousand Splendid Suns, Of Mice and Men, The Princess Bride, Divergent, Where the Wild Things Are, Lolita, Jane Eyre, The Time Traveler's Wife, Wuthering Heights, The Lovely Bones, A Tale of Two Cities, Alice's Adventures in Wonderland & Through the Looking-Glass, Charlotte's Web, A Game of Thrones, The Chronicles of Narnia, Twilight, Fahrenheit 451"
39,"Lolita, The Alchemist, Anne of Green Gables, To Kill a Mockingbird, The Kite Runner, Fahrenheit 451, Crime and Punishment, The Great Gatsby, The Outsiders, Where the Wild Things Are, Frankenstein: The 1818 Text, Gone with the Wind, The Catcher in the Rye, J.R.R. Tolkien 4-Book Boxed Set: The Hobbit and The Lord of the Rings, Slaughterhouse-Five, Dracula, A Wrinkle in Time, Memoirs of a Geisha, The Pillars of the Earth, Alice's Adventures in Wonderland & Through the Looking-Glass, Life of Pi, Green Eggs and Ham, The Lovely Bones, The Adventures of Huckleberry Finn, The Time Traveler's Wife, The Giving Tree, One Hundred Years of Solitude, Romeo and Juliet, The Princess Bride, Animal Farm, City of Bones, A Game of Thrones, Jane Eyre, Twilight, The Hunger Games, The Fault in Our Stars, The Little Prince, Charlotte's Web, Of Mice and Men, Dune"
40,"Slaughterhouse-Five, Les Misérables, Crime and Punishment, A Game of Thrones, Fahrenheit 451, The Book Thief, Memoirs of a Geisha, Gone with the Wind, The Da Vinci Code, The Outsiders, Anne of Green Gables, Romeo and Juliet, Wuthering Heights, The Picture of Dorian Gray, The Kite Runner, Alice's Adventures in Wonderland & Through the Looking-Glass, The Hunger Games, Of Mice and Men, The Perks of Being a Wallflower, Divergent, Where the Wild Things Are, The Great Gatsby, The Lovely Bones, Frankenstein: The 1818 Text, The Odyssey, Harry Potter and the Sorcerer's Stone, The Adventures of Huckleberry Finn, Jane Eyre, Twilight, The Handmaid's Tale, To Kill a Mockingbird, Pride and Prejudice, The Time Traveler's Wife, Catch-22, A Thousand Splendid Suns, Water for Elephants, The Little Prince, Lord of the Flies, The Help, Harry Potter and the Order of the Phoenix"
41,"To Kill a Mockingbird, A Wrinkle in Time, The Perks of Being a Wallflower, One Hundred Years of Solitude, The Little Prince, Catch-22, Divergent, City of Bones, Fahrenheit 451, The Hitchhiker's Guide to the Galaxy, Charlotte's Web, Green Eggs and Ham, The Lovely Bones, The Handmaid's Tale, Crime and Punishment, Water for Elephants, The Catcher in the Rye, The Giver, Pride and Prejudice, Brave New World, Of Mice and Men, Twilight, The Da Vinci Code, The Chronicles of Narnia, The Secret Garden, The Odyssey, Les Misérables, The Time Traveler's Wife, The Lightning Thief, Slaughterhouse-Five, A Tale of Two Cities, Harry Potter and the Sorcerer's Stone, The Kite Runner, The Hunger Games, J.R.R. Tolkien 4-Book Boxed Set: The Hobbit and The Lord of the Rings, A Game of Thrones, Romeo and Juliet, The Book Thief, Lolita, Harry Potter and the Order of the Phoenix"
42,"The Kite Runner, Lolita, The Great Gatsby, The Lightning Thief, One Hundred Years of Solitude, The Little Prince, Dune, The Pillars of the Earth, Brave New World, A Wrinkle in Time, Frankenstein: The 1818 Text, Lord of the Flies, Twilight, Harry Potter and the Order of the Phoenix, The Odyssey, Jane Eyre, The Secret Garden, Harry Potter and the Sorcerer's Stone, Memoirs of a Geisha, Les Misérables, The Lovely Bones, The Handmaid's Tale, The Picture of Dorian Gray, The Alchemist, Wuthering Heights, The Da Vinci Code, J.R.R. Tolkien 4-Book Boxed Set: The Hobbit and The Lord of the Rings, The Perks of Being a Wallflower, A Tale of Two Cities, The Time Traveler's Wife, Anne of Green Gables, The Fault in Our Stars, The Hitchhiker's Guide to the Galaxy, Where the Wild Things Are, The Giver, A Game of Thrones, The Adventures of Huckleberry Finn, The Hunger Games, Ender's Game, Divergent"
43,"Les Misérables, The Help, Frankenstein: The 1818 Text, Lord of the Flies, The Hunger Games, The Little Prince, Life of Pi, Jane Eyre, The Giver, The Handmaid's Tale, The Lovely Bones, Of Mice and Men, Lolita, Divergent, Ender's Game, The Kite Runner, The Perks of Being a Wallflower, The Princess Bride, Wuthering Heights, Gone with the Wind, Romeo and Juliet, One Hundred Years of Solitude, Where the Wild Things Are, Crime and Punishment, The Catcher in the Rye, Anne of Green Gables, Charlotte's Web, The Odyssey, The Fault in Our Stars, Green Eggs and Ham, Water for Elephants, The Great Gatsby, The Hitchhiker's Guide to the Galaxy, A Tale of Two Cities, The Secret Garden, A Game of Thrones, Dune, The Chronicles of Narnia, J.R.R. Tolkien 4-Book Boxed Set: The Hobbit and The Lord of the Rings, Fahrenheit 451"
44,"Harry Potter and the Order of the Phoenix, A Thousand Splendid Suns, The Secret Garden, Gone with the Wind, Jane Eyre, The Giver, Frankenstein: The 1818 Text, The Hunger Games, The Fault in Our Stars, Divergent, Dracula, Charlotte's Web, The Kite Runner, The Chronicles of Narnia, The Adventures of Huckleberry Finn, The Perks of Being a Wallflower, The Time Traveler's Wife, The Da Vinci Code, The Help, The Great Gatsby, Les Misérables, Slaughterhouse-Five, Alice's Adventures in Wonderland & Through the Looking-Glass, The Little Prince, The Lovely Bones, Green Eggs and Ham, The Odyssey, The Hitchhiker's Guide to the Galaxy, The Pillars of the Earth, Ender's Game, The Outsiders, Where the Wild Things Are, Twilight, Of Mice and Men, Lord of the Flies, A Wrinkle in Time, City of Bones, Romeo and Juliet, Animal Farm, J.R.R. Tolkien 4-Book Boxed Set: The Hobbit and The Lord of the Rings"
